input_url,final_url,status_code,category,note
https://www.linkedin.com/company/21-invest/,https://www.linkedin.com/company/21-invest/,200,ACTIVE,Company page reachable (may still require cookies for full content)
https://www.linkedin.com/company/8a-investimenti-sgr/,https://www.linkedin.com/company/8a-investimenti-sgr/,200,ACTIVE,Company page reachable (may still require cookies for full content)
https://www.linkedin.com/company/abenex-capital/,https://www.linkedin.com/company/abenex-capital/,200,ACTIVE,Company page reachable (may still require cookies for full content)
https://www.linkedin.com/company/advent-international/,https://www.linkedin.com/company/advent-international/,200,ACTIVE,Company page reachable (may still require cookies for full content)
https://www.linkedin.com/company/aksiasgr/,https://www.linkedin.com/company/aksiasgr/,200,ACTIVE,Company page reachable (may still require cookies for full content)
https://www.linkedin.com/company/alcedo-sgr/,https://www.linkedin.com/company/alcedo-sgr/,404,NOT_FOUND,Looks like a 404 / not found
https://www.linkedin.com/company/algebris-investments/,https://www.linkedin.com/company/algebris-investments/,200,ACTIVE,Company page reachable (may still require cookies for full content)
https://www.linkedin.com/company/aliante-partners-s-r-l-/,https://www.linkedin.com/company/aliante-partners-s-r-l-/,404,NOT_FOUND,Looks like a 404 / not found
https://www.linkedin.com/company/alkemia-capital/,https://www.linkedin.com/company/alkemia-capital/,200,ACTIVE,Company page reachable (may still require cookies for full content)
https://www.linkedin.com/company/alpha-private-equity/,https://www.linkedin.com/company/alpha-private-equity/,200,ACTIVE,Company page reachable (may still require cookies for full content)
https://www.linkedin.com/company/alternative-capital-partners-1/,https://www.linkedin.com/company/alternative-capital-partners-1/,200,ACTIVE,Company page reachable (may still require cookies for full content)
https://www.linkedin.com/company/alto-partners-sgr-s-p-a/,https://www.linkedin.com/company/alto-partners-sgr-s-p-a/,200,ACTIVE,Company page reachable (may still require cookies for full content)
https://www.linkedin.com/company/amber-capital/,https://www.linkedin.com/company/amber-capital/,200,ACTIVE,Company page reachable (may still require cookies for full content)
https://www.linkedin.com/company/ambienta-sgr/,https://www.linkedin.com/company/ambienta-sgr/,200,ACTIVE,Company page reachable (may still require cookies for full content)
https://www.linkedin.com/company/amundi-/,https://www.linkedin.com/company/amundi-/,200,ACTIVE,Company page reachable (may still require cookies for full content)
https://www.linkedin.com/company/anderapartners/,https://www.linkedin.com/company/anderapartners/,200,ACTIVE,Company page reachable (may still require cookies for full content)
https://www.linkedin.com/company/anima-sgr/,https://www.linkedin.com/company/anima-sgr/,200,ACTIVE,Company page reachable (may still require cookies for full content)
https://www.linkedin.com/company/antares-advisory/,https://www.linkedin.com/company/antares-advisory/,200,ACTIVE,Company page reachable (may still require cookies for full content)
https://www.linkedin.com/company/anthilia-capital-partners-sgr-spa/,https://www.linkedin.com/company/anthilia-capital-partners-sgr-spa/,200,ACTIVE,Company page reachable (may still require cookies for full content)
https://www.linkedin.com/company/apax-partners/,https://www.linkedin.com/company/apax-partners/,200,ACTIVE,Company page reachable (may still require cookies for full content)
https://www.linkedin.com/company/apeironmgmt/,https://www.linkedin.com/company/apeironmgmt/,200,ACTIVE,Company page reachable (may still require cookies for full content)
https://www.linkedin.com/company/apheon/,https://www.linkedin.com/company/apheon/,200,ACTIVE,Company page reachable (may still require cookies for full content)
https://www.linkedin.com/company/apollo-global-management-inc/,https://www.linkedin.com/company/apollo-global-management-inc/,200,ACTIVE,Company page reachable (may still require cookies for full content)
https://www.linkedin.com/company/arcafondisgr/,https://www.linkedin.com/company/arcafondisgr/,200,ACTIVE,Company page reachable (may still require cookies for full content)
https://www.linkedin.com/company/ardian/,https://www.linkedin.com/company/ardian/,200,ACTIVE,Company page reachable (may still require cookies for full content)
https://www.linkedin.com/company/ares-management/,https://www.linkedin.com/company/ares-management/,200,ACTIVE,Company page reachable (may still require cookies for full content)
https://www.linkedin.com/company/argos-wityu/,https://fr.linkedin.com/company/argos-fund,200,ACTIVE,Company page reachable (may still require cookies for full content)
https://www.linkedin.com/company/armonia-sgr/,https://www.linkedin.com/company/armonia-sgr/,200,ACTIVE,Company page reachable (may still require cookies for full content)
https://www.linkedin.com/company/aurora-growth/,https://www.linkedin.com/company/aurora-growth/,200,ACTIVE,Company page reachable (may still require cookies for full content)
https://www.linkedin.com/company/aimpact/,https://www.linkedin.com/company/aimpact/,200,ACTIVE,Company page reachable (may still require cookies for full content)
https://www.linkedin.com/company/avm-sgr/,https://www.linkedin.com/company/avm-sgr/,200,ACTIVE,Company page reachable (may still require cookies for full content)
https://www.linkedin.com/company/axon-partners-group/,https://www.linkedin.com/company/axon-partners-group/,200,ACTIVE,Company page reachable (may still require cookies for full content)
https://www.linkedin.com/showcase/azimutliberaimpresa/,https://www.linkedin.com/showcase/azimutliberaimpresa/,200,OK_NON_COMPANY,Reachable but not a /company/ URL
https://www.linkedin.com/company/b4-investimenti-sgr/,https://www.linkedin.com/company/b4-investimenti-sgr/,200,ACTIVE,Company page reachable (may still require cookies for full content)
https://www.linkedin.com/company/bain-capital/,https://www.linkedin.com/company/bain-capital/,200,ACTIVE,Company page reachable (may still require cookies for full content)
https://www.linkedin.com/company/banca-generali/,https://www.linkedin.com/company/banca-generali/,200,ACTIVE,Company page reachable (may still require cookies for full content)
https://www.linkedin.com/company/banca-sella/,https://www.linkedin.com/company/banca-sella/,200,ACTIVE,Company page reachable (may still require cookies for full content)
https://www.linkedin.com/company/banco-bpm-invest-sgr/,https://www.linkedin.com/company/banco-bpm-invest-sgr/,200,ACTIVE,Company page reachable (may still require cookies for full content)
https://www.linkedin.com/company/bc-partners/,https://www.linkedin.com/company/bc-partners/,200,ACTIVE,Company page reachable (may still require cookies for full content)
https://www.linkedin.com/company/bluegem-capital-partners-llp/,https://www.linkedin.com/company/bluegem-capital-partners-llp/,200,ACTIVE,Company page reachable (may still require cookies for full content)
https://www.linkedin.com/company/bnp-paribas-asset-management/,https://www.linkedin.com/company/bnp-paribas-asset-management/,200,ACTIVE,Company page reachable (may still require cookies for full content)
https://www.linkedin.com/company/bnl-bnp-paribas/,https://www.linkedin.com/company/bnl-bnp-paribas/,200,ACTIVE,Company page reachable (may still require cookies for full content)
https://www.linkedin.com/company/bridgepoint/,https://www.linkedin.com/company/bridgepoint/,200,ACTIVE,Company page reachable (may still require cookies for full content)
https://www.linkedin.com/company/bregal-unternehmerkapital/,https://ch.linkedin.com/company/bu-bregal-unternehmerkapital,200,ACTIVE,Company page reachable (may still require cookies for full content)
https://www.linkedin.com/company/canovaspa/,https://www.linkedin.com/company/canovaspa/,200,ACTIVE,Company page reachable (may still require cookies for full content)
https://www.linkedin.com/company/capital-dynamics/,https://www.linkedin.com/company/capital-dynamics/,200,ACTIVE,Company page reachable (may still require cookies for full content)
https://www.linkedin.com/company/capza/,https://www.linkedin.com/company/capza/,200,ACTIVE,Company page reachable (may still require cookies for full content)
https://www.linkedin.com/company/the-carlyle-group/,https://www.linkedin.com/company/the-carlyle-group/,200,ACTIVE,Company page reachable (may still require cookies for full content)
https://www.linkedin.com/company/cdp-cassa-depositi-e-prestiti/,https://www.linkedin.com/company/cdp-cassa-depositi-e-prestiti/,200,ACTIVE,Company page reachable (may still require cookies for full content)
https://www.linkedin.com/company/cdp-cassa-depositi-e-prestiti/,https://www.linkedin.com/company/cdp-cassa-depositi-e-prestiti/,200,ACTIVE,Company page reachable (may still require cookies for full content)
https://www.linkedin.com/company/cdp-venture-capital-sgr/,https://www.linkedin.com/company/cdp-venture-capital-sgr/,200,ACTIVE,Company page reachable (may still require cookies for full content)
https://www.linkedin.com/company/charme-capital-partners-limited/,https://www.linkedin.com/company/charme-capital-partners-limited/,200,ACTIVE,Company page reachable (may still require cookies for full content)
https://www.linkedin.com/company/cinven/,https://www.linkedin.com/company/cinven/,200,ACTIVE,Company page reachable (may still require cookies for full content)
https://www.linkedin.com/company/clarisventures/,https://www.linkedin.com/company/clarisventures/,200,ACTIVE,Company page reachable (may still require cookies for full content)
https://www.linkedin.com/company/clessidra-group/,https://www.linkedin.com/company/clessidra-group/,200,ACTIVE,Company page reachable (may still require cookies for full content)
https://www.linkedin.com/company/como-venture/,https://www.linkedin.com/company/como-venture/,200,ACTIVE,Company page reachable (may still require cookies for full content)
https://www.linkedin.com/company/consilium-sgr/,https://www.linkedin.com/company/consilium-sgr/,200,ACTIVE,Company page reachable (may still require cookies for full content)
https://www.linkedin.com/company/cooperare-spa/,https://www.linkedin.com/company/cooperare-spa/,200,ACTIVE,Company page reachable (may still require cookies for full content)
https://www.linkedin.com/company/cvc-capital-partners/,https://www.linkedin.com/company/cvc-capital-partners/,200,ACTIVE,Company page reachable (may still require cookies for full content)
https://www.linkedin.com/company/deutsche-beteiligungs-ag/,https://www.linkedin.com/company/deutsche-beteiligungs-ag/,200,ACTIVE,Company page reachable (may still require cookies for full content)
https://www.linkedin.com/company/dea-capital-alternative-funds-sgr/,https://www.linkedin.com/company/dea-capital-alternative-funds-sgr/,200,ACTIVE,Company page reachable (may still require cookies for full content)
https://www.linkedin.com/company/deep-ocean-capital-sgr-s-p-a/,https://www.linkedin.com/company/deep-ocean-capital-sgr-s-p-a/,200,ACTIVE,Company page reachable (may still require cookies for full content)
https://www.linkedin.com/company/doorway-platform/,https://www.linkedin.com/company/doorway-platform/,200,ACTIVE,Company page reachable (may still require cookies for full content)
https://www.linkedin.com/company/eiffel-investment-group/,https://www.linkedin.com/company/eiffel-investment-group/,200,ACTIVE,Company page reachable (may still require cookies for full content)
https://www.linkedin.com/company/entangled-capital-sgr/,https://www.linkedin.com/company/entangled-capital-sgr/,200,ACTIVE,Company page reachable (may still require cookies for full content)
https://www.linkedin.com/company/entrust-global/,https://au.linkedin.com/company/datahash-com-au,200,ACTIVE,Company page reachable (may still require cookies for full content)
https://www.linkedin.com/company/eos-investment-management-ltd/,https://www.linkedin.com/company/eos-investment-management-ltd/,200,ACTIVE,Company page reachable (may still require cookies for full content)
https://www.linkedin.com/company/eqt-group/,https://www.linkedin.com/company/eqt-group/,200,ACTIVE,Company page reachable (may still require cookies for full content)
https://www.linkedin.com/company/equinox-holdings/,https://www.linkedin.com/company/equinox-holdings/,200,ACTIVE,Company page reachable (may still require cookies for full content)
https://www.linkedin.com/company/equita/,https://www.linkedin.com/company/equita/,200,ACTIVE,Company page reachable (may still require cookies for full content)
https://www.linkedin.com/company/equiter-spa/,https://www.linkedin.com/company/equiter-spa/,200,ACTIVE,Company page reachable (may still require cookies for full content)
https://www.linkedin.com/company/equiter-sgr/,https://www.linkedin.com/company/equiter-sgr/,200,ACTIVE,Company page reachable (may still require cookies for full content)
https://www.linkedin.com/company/eurazeo/,https://www.linkedin.com/company/eurazeo/,200,ACTIVE,Company page reachable (may still require cookies for full content)
https://www.linkedin.com/company/eureka-venture/,https://www.linkedin.com/company/eureka-venture/,200,ACTIVE,Company page reachable (may still require cookies for full content)
https://www.linkedin.com/company/eurizon/,https://www.linkedin.com/company/eurizon/,200,ACTIVE,Company page reachable (may still require cookies for full content)
https://www.linkedin.com/company/excellis-holding-s-r-l/,https://www.linkedin.com/company/excellis-holding-s-r-l/,200,ACTIVE,Company page reachable (may still require cookies for full content)
https://www.linkedin.com/company/f-p-equity-partners-srl/,https://www.linkedin.com/company/f-p-equity-partners-srl/,404,NOT_FOUND,Looks like a 404 / not found
https://www.linkedin.com/company/f2i-sgr/,https://www.linkedin.com/company/f2i-sgr/,200,ACTIVE,Company page reachable (may still require cookies for full content)
https://www.linkedin.com/company/faro-value/,https://www.linkedin.com/company/faro-value/,200,ACTIVE,Company page reachable (may still require cookies for full content)
https://www.linkedin.com/company/fondo-italiano-per-l-efficienza-energetica/,https://www.linkedin.com/company/fondo-italiano-per-l-efficienza-energetica/,200,ACTIVE,Company page reachable (may still require cookies for full content)
https://www.linkedin.com/company/fineurop-soditic/,https://www.linkedin.com/company/fineurop-soditic/,200,ACTIVE,Company page reachable (may still require cookies for full content)
https://www.linkedin.com/company/finintinvestments/,https://www.linkedin.com/company/finintinvestments/,200,ACTIVE,Company page reachable (may still require cookies for full content)
https://www.linkedin.com/company/finlombarda-s-p-a-/,https://www.linkedin.com/company/finlombarda-s-p-a-/,200,ACTIVE,Company page reachable (may still require cookies for full content)
https://www.linkedin.com/company/finsea/,https://www.linkedin.com/company/finsea/,200,ACTIVE,Company page reachable (may still require cookies for full content)
https://www.linkedin.com/company/fondo-italiano-d'investimento-sgr/,https://www.linkedin.com/company/fondo-italiano-d'investimento-sgr/,200,ACTIVE,Company page reachable (may still require cookies for full content)
https://www.linkedin.com/company/finanziaria-regionale-friuli-venezia-giulia---societa-per-azioni---friulia---s.p.a./,https://www.linkedin.com/company/finanziaria-regionale-friuli-venezia-giulia---societa-per-azioni---friulia---s.p.a./,200,ACTIVE,Company page reachable (may still require cookies for full content)
https://www.linkedin.com/company/fondofsi/,https://www.linkedin.com/company/fondofsi/,200,ACTIVE,Company page reachable (may still require cookies for full content)
https://www.linkedin.com/company/furstenbergsgr/,https://www.linkedin.com/company/furstenbergsgr/,200,ACTIVE,Company page reachable (may still require cookies for full content)
https://www.linkedin.com/company/fvgpluspa/,https://www.linkedin.com/company/fvgpluspa/,200,ACTIVE,Company page reachable (may still require cookies for full content)
https://www.linkedin.com/company/fvs-sgr-spa/,https://www.linkedin.com/company/fvs-sgr-spa/,200,ACTIVE,Company page reachable (may still require cookies for full content)
https://www.linkedin.com/company/generali-investments/,https://www.linkedin.com/company/generali-investments/,200,ACTIVE,Company page reachable (may still require cookies for full content)
https://www.linkedin.com/company/gepafin-s-p-a/,https://www.linkedin.com/company/gepafin-s-p-a/,200,ACTIVE,Company page reachable (may still require cookies for full content)
https://www.linkedin.com/company/gradiente-sgr-s-p-a-/,https://www.linkedin.com/company/gradiente-sgr-s-p-a-/,200,ACTIVE,Company page reachable (may still require cookies for full content)
https://www.linkedin.com/company/green-arrow-capital/,https://www.linkedin.com/company/green-arrow-capital/,200,ACTIVE,Company page reachable (may still require cookies for full content)
https://www.linkedin.com/company/h-i-g--capital/,https://www.linkedin.com/company/h-i-g--capital/,200,ACTIVE,Company page reachable (may still require cookies for full content)
https://www.linkedin.com/company/hatgroup/,https://www.linkedin.com/company/hatgroup/,200,ACTIVE,Company page reachable (may still require cookies for full content)
https://www.linkedin.com/company/groupe-hld/,https://www.linkedin.com/company/groupe-hld/,200,ACTIVE,Company page reachable (may still require cookies for full content)
https://www.linkedin.com/company/ibla-capital/,https://www.linkedin.com/company/ibla-capital/,200,ACTIVE,Company page reachable (may still require cookies for full content)
https://www.linkedin.com/company/igisgr/,https://www.linkedin.com/company/igisgr/,200,ACTIVE,Company page reachable (may still require cookies for full content)
https://www.linkedin.com/company/innovative-red-fish-kapital/,https://www.linkedin.com/company/innovative-red-fish-kapital/,200,ACTIVE,Company page reachable (may still require cookies for full content)
https://www.linkedin.com/company/intesa-sanpaolo/,https://www.linkedin.com/company/intesa-sanpaolo/,200,ACTIVE,Company page reachable (may still require cookies for full content)
https://www.linkedin.com/company/invitalia/,https://www.linkedin.com/company/invitalia/,200,ACTIVE,Company page reachable (may still require cookies for full content)
https://www.linkedin.com/company/itago-partners/,https://www.linkedin.com/company/itago-partners/,200,ACTIVE,Company page reachable (may still require cookies for full content)
https://www.linkedin.com/company/kairospartners/,https://www.linkedin.com/company/kairospartners/,200,ACTIVE,Company page reachable (may still require cookies for full content)
https://www.linkedin.com/company/key-capital/,https://www.linkedin.com/company/key-capital/,200,ACTIVE,Company page reachable (may still require cookies for full content)
https://www.linkedin.com/company/kyip-capital-sgr/,https://www.linkedin.com/company/kyip-capital-sgr/,200,ACTIVE,Company page reachable (may still require cookies for full content)
https://www.linkedin.com/company/l-catterton/,https://www.linkedin.com/company/l-catterton/,200,ACTIVE,Company page reachable (may still require cookies for full content)
https://www.linkedin.com/company/lbcapital-sgr/,https://www.linkedin.com/company/lbcapital-sgr/,200,ACTIVE,Company page reachable (may still require cookies for full content)
https://www.linkedin.com/company/lazio-innova-spa/,https://www.linkedin.com/company/lazio-innova-spa/,200,ACTIVE,Company page reachable (may still require cookies for full content)
https://www.linkedin.com/company/liftt/,https://www.linkedin.com/company/liftt/,200,ACTIVE,Company page reachable (may still require cookies for full content)
https://www.linkedin.com/company/ligurcapital/,https://www.linkedin.com/company/ligurcapital/,200,ACTIVE,Company page reachable (may still require cookies for full content)
https://www.linkedin.com/company/lion-river-i-n.v./,https://www.linkedin.com/company/lion-river-i-n.v./,200,ACTIVE,Company page reachable (may still require cookies for full content)
https://www.linkedin.com/company/macquariegroup/,https://www.linkedin.com/company/macquariegroup/,200,ACTIVE,Company page reachable (may still require cookies for full content)
https://www.linkedin.com/company/mediocredito-centrale/,https://www.linkedin.com/company/mediocredito-centrale/,200,ACTIVE,Company page reachable (may still require cookies for full content)
https://www.linkedin.com/company/merito-sgr/,https://www.linkedin.com/company/merito-sgr/,200,ACTIVE,Company page reachable (may still require cookies for full content)
https://www.linkedin.com/company/mindful-capital-partners/,https://www.linkedin.com/company/mindful-capital-partners/,200,ACTIVE,Company page reachable (may still require cookies for full content)
https://www.linkedin.com/company/mito-technology/,https://www.linkedin.com/company/mito-technology/,200,ACTIVE,Company page reachable (may still require cookies for full content)
https://www.linkedin.com/company/mittel-s.p.a./,https://www.linkedin.com/company/mittel-s.p.a./,200,ACTIVE,Company page reachable (may still require cookies for full content)
https://www.linkedin.com/company/montefiore-investment/,https://www.linkedin.com/company/montefiore-investment/,200,ACTIVE,Company page reachable (may still require cookies for full content)
https://www.linkedin.com/company/muzinich-&-co/,https://uk.linkedin.com/company/muzinich-co,200,ACTIVE,Company page reachable (may still require cookies for full content)
https://www.linkedin.com/company/narval-investimenti-s-p-a/,https://www.linkedin.com/company/narval-investimenti-s-p-a/,200,ACTIVE,Company page reachable (may still require cookies for full content)
https://www.linkedin.com/company/neva-sgr/,https://www.linkedin.com/company/neva-sgr/,200,ACTIVE,Company page reachable (may still require cookies for full content)
https://www.linkedin.com/company/nextalia/,https://www.linkedin.com/company/nextalia/,200,ACTIVE,Company page reachable (may still require cookies for full content)
https://www.linkedin.com/company/oltre-impact/,https://www.linkedin.com/company/oltre-impact/,200,ACTIVE,Company page reachable (may still require cookies for full content)
https://www.linkedin.com/company/origine-sgr/,https://www.linkedin.com/company/origine-sgr/,404,NOT_FOUND,Looks like a 404 / not found
https://www.linkedin.com/company/overseas-industries-s-p-a-/,https://www.linkedin.com/company/overseas-industries-s-p-a-/,404,NOT_FOUND,Looks like a 404 / not found
https://www.linkedin.com/company/oxycapital/,https://www.linkedin.com/company/oxycapital/,200,ACTIVE,Company page reachable (may still require cookies for full content)
https://www.linkedin.com/company/pai-partners/,https://www.linkedin.com/company/pai-partners/,200,ACTIVE,Company page reachable (may still require cookies for full content)
https://www.linkedin.com/company/pfhpalladioholding/,https://www.linkedin.com/company/pfhpalladioholding/,200,ACTIVE,Company page reachable (may still require cookies for full content)
https://www.linkedin.com/company/partners-group/,https://www.linkedin.com/company/partners-group/,200,ACTIVE,Company page reachable (may still require cookies for full content)
https://www.linkedin.com/company/permira/,https://www.linkedin.com/company/permira/,200,ACTIVE,Company page reachable (may still require cookies for full content)
https://www.linkedin.com/company/pillarstone./,https://www.linkedin.com/company/pillarstone./,200,ACTIVE,Company page reachable (may still require cookies for full content)
https://www.linkedin.com/company/pm-&-partners-s.p.a./,https://www.linkedin.com/company/pm-&-partners-s.p.a./,200,ACTIVE,Company page reachable (may still require cookies for full content)
https://www.linkedin.com/company/polis-sgr-spa/,https://www.linkedin.com/company/polis-sgr-spa/,200,ACTIVE,Company page reachable (may still require cookies for full content)
https://www.linkedin.com/company/portobello-capital/,https://www.linkedin.com/company/portobello-capital/,200,ACTIVE,Company page reachable (may still require cookies for full content)
https://www.linkedin.com/company/prana-venture/,https://www.linkedin.com/company/prana-venture/,200,ACTIVE,Company page reachable (may still require cookies for full content)
https://www.linkedin.com/company/private-equity-partners-spa/,https://it.linkedin.com/company/private-equity-partners-srl,200,ACTIVE,Company page reachable (may still require cookies for full content)
https://www.linkedin.com/company/progressio-sgr/,https://www.linkedin.com/company/progressio-sgr/,200,ACTIVE,Company page reachable (may still require cookies for full content)
https://www.linkedin.com/company/quadrivio-sgr/,https://www.linkedin.com/company/quadrivio-sgr/,200,ACTIVE,Company page reachable (may still require cookies for full content)
https://www.linkedin.com/company/quant-ico-investment-club-opportunities/,https://www.linkedin.com/company/quant-ico-investment-club-opportunities/,200,ACTIVE,Company page reachable (may still require cookies for full content)
https://www.linkedin.com/company/quattror/,https://www.linkedin.com/company/quattror/,200,ACTIVE,Company page reachable (may still require cookies for full content)
https://www.linkedin.com/company/rancilio-cube-sicaf/,https://www.linkedin.com/company/rancilio-cube-sicaf/,200,ACTIVE,Company page reachable (may still require cookies for full content)
https://www.linkedin.com/company/reamsgr/,https://www.linkedin.com/company/reamsgr/,200,ACTIVE,Company page reachable (may still require cookies for full content)
https://www.linkedin.com/company/renaissance-partners/,https://www.linkedin.com/company/renaissance-partners/,200,ACTIVE,Company page reachable (may still require cookies for full content)
https://www.linkedin.com/company/riello-investimenti-sgr-spa/,https://www.linkedin.com/company/riello-investimenti-sgr-spa/,200,ACTIVE,Company page reachable (may still require cookies for full content)
https://www.linkedin.com/company/ring-cp/,https://www.linkedin.com/company/ring-cp/,200,ACTIVE,Company page reachable (may still require cookies for full content)
https://www.linkedin.com/company/rivean-capital/,https://www.linkedin.com/company/rivean-capital/,200,ACTIVE,Company page reachable (may still require cookies for full content)
https://www.linkedin.com/company/sagard/,https://fr.linkedin.com/company/sagardeurope,200,ACTIVE,Company page reachable (may still require cookies for full content)
https://www.linkedin.com/company/sagittasgr/,https://www.linkedin.com/company/sagittasgr/,200,ACTIVE,Company page reachable (may still require cookies for full content)
https://www.linkedin.com/company/scientificavc/,https://www.linkedin.com/company/scientificavc/,200,ACTIVE,Company page reachable (may still require cookies for full content)
https://www.linkedin.com/company/sefea-impact-sgr/,https://www.linkedin.com/company/sefea-impact-sgr/,200,ACTIVE,Company page reachable (may still require cookies for full content)
https://www.linkedin.com/company/sienna-capital/,https://www.linkedin.com/company/sienna-capital/,200,ACTIVE,Company page reachable (may still require cookies for full content)
https://www.linkedin.com/company/sienna-private-equity/,https://www.linkedin.com/company/sienna-private-equity/,200,ACTIVE,Company page reachable (may still require cookies for full content)
https://www.linkedin.com/company/simest-spa/,https://www.linkedin.com/company/simest-spa/,200,ACTIVE,Company page reachable (may still require cookies for full content)
https://www.linkedin.com/company/sinloc---sistema-iniziative-locali-spa/,https://www.linkedin.com/company/sinloc---sistema-iniziative-locali-spa/,200,ACTIVE,Company page reachable (may still require cookies for full content)
https://www.linkedin.com/company/siryo/,https://www.linkedin.com/company/siryo/,200,ACTIVE,Company page reachable (may still require cookies for full content)
https://www.linkedin.com/company/smart-capital-s-p-a/,https://www.linkedin.com/company/smart-capital-s-p-a/,200,ACTIVE,Company page reachable (may still require cookies for full content)
https://www.linkedin.com/company/sofinnova-partners/,https://www.linkedin.com/company/sofinnova-partners/,200,ACTIVE,Company page reachable (may still require cookies for full content)
https://www.linkedin.com/company/star-capital-sgr-spa/,https://www.linkedin.com/company/star-capital-sgr-spa/,200,ACTIVE,Company page reachable (may still require cookies for full content)
https://www.linkedin.com/company/star-tech-ventures/,https://www.linkedin.com/company/star-tech-ventures/,404,NOT_FOUND,Looks like a 404 / not found
https://www.linkedin.com/company/style-capital-sgr/,https://www.linkedin.com/company/style-capital-sgr/,200,ACTIVE,Company page reachable (may still require cookies for full content)
https://www.linkedin.com/company/sici-sgr/,https://www.linkedin.com/company/sici-sgr/,404,NOT_FOUND,Looks like a 404 / not found
https://www.linkedin.com/company/swiss-life-asset-management/,https://www.linkedin.com/company/swiss-life-asset-management/,429,BLOCKED_BUT_COMPANY_URL,"Blocked by LinkedIn, but URL format is /company/"
https://www.linkedin.com/company/tages-capital-sgr/,https://www.linkedin.com/company/tages-capital-sgr/,200,ACTIVE,Company page reachable (may still require cookies for full content)
https://www.linkedin.com/company/teamsystem-capital-at-work-sgr-s-p-a/,https://www.linkedin.com/company/teamsystem-capital-at-work-sgr-s-p-a/,200,ACTIVE,Company page reachable (may still require cookies for full content)
https://www.linkedin.com/company/equity-partners-investment-club/,https://www.linkedin.com/company/equity-partners-investment-club/,200,ACTIVE,Company page reachable (may still require cookies for full content)
https://www.linkedin.com/company/three-hills/,https://nl.linkedin.com/company/winkeltheater,200,ACTIVE,Company page reachable (may still require cookies for full content)
https://www.linkedin.com/company/tikehau-investment-management,https://www.linkedin.com/company/tikehau-investment-management,429,BLOCKED_BUT_COMPANY_URL,"Blocked by LinkedIn, but URL format is /company/"
https://www.linkedin.com/company/toseed-partners/,https://www.linkedin.com/company/toseed-partners/,200,ACTIVE,Company page reachable (may still require cookies for full content)
https://www.linkedin.com/company/trentino-sviluppo-spa/,https://www.linkedin.com/company/trentino-sviluppo-spa/,200,ACTIVE,Company page reachable (may still require cookies for full content)
https://www.linkedin.com/company/trilantic-europe/,https://www.linkedin.com/company/trilantic-europe/,200,ACTIVE,Company page reachable (may still require cookies for full content)
https://www.linkedin.com/company/triton-partners/,https://www.linkedin.com/company/triton-partners/,429,BLOCKED_BUT_COMPANY_URL,"Blocked by LinkedIn, but URL format is /company/"
https://www.linkedin.com/company/unigrains/,https://www.linkedin.com/company/unigrains/,200,ACTIVE,Company page reachable (may still require cookies for full content)
https://www.linkedin.com/company/vertis-sgr/,https://www.linkedin.com/company/vertis-sgr/,200,ACTIVE,Company page reachable (may still require cookies for full content)
https://www.linkedin.com/company/weltix/,https://www.linkedin.com/company/weltix/,200,ACTIVE,Company page reachable (may still require cookies for full content)
https://www.linkedin.com/company/wise-equity/,https://ca.linkedin.com/company/wiseequity,200,ACTIVE,Company page reachable (may still require cookies for full content)
https://www.linkedin.com/company/wrm-group/,https://uk.linkedin.com/company/wrmgroup,200,ACTIVE,Company page reachable (may still require cookies for full content)
https://www.linkedin.com/company/xgen-venture-sgr-s-p-a/,https://it.linkedin.com/company/xgenventure,200,ACTIVE,Company page reachable (may still require cookies for full content)
https://www.linkedin.com/company/yarpa-investimenti-sgr-spa/,https://www.linkedin.com/company/yarpa-investimenti-sgr-spa/,200,ACTIVE,Company page reachable (may still require cookies for full content)
https://www.linkedin.com/company/zenit-sgr-spa/,https://www.linkedin.com/company/zenit-sgr-spa/,200,ACTIVE,Company page reachable (may still require cookies for full content)
https://www.linkedin.com/company/zest-vc/,https://www.linkedin.com/company/zest-vc/,200,ACTIVE,Company page reachable (may still require cookies for full content)
